<?xml version="1.0" encoding="UTF-8"?>
<templates id="point_of_sale.template" xml:space="preserve">
    <t t-name="OrderReceipt" t-inherit="point_of_sale.OrderReceipt" t-inherit-mode="extension" owl="1">
        <xpath expr="//div[hasclass('orderlines')]" position="before">
            <div style='text-align:center;border-bottom: 1px dashed black;'>
                   <strong> TAX INVOICE </strong>
            </div>
        </xpath>         
        <xpath expr="//div[hasclass('pos-receipt-contact')]" position="replace">            
            <div class="pos-receipt-contact">                
                <t t-if="receipt.company.contact_address">
                    <div><t t-esc="receipt.company.contact_address" /></div>
                </t>
                <t t-if="receipt.company.phone">
                    <div>Tel:<t t-esc="receipt.company.phone" /></div>
                </t>
                
                <t t-if="receipt.company.email">
                    <div><t t-esc="receipt.company.email" /></div>
                </t>
                <t t-if="receipt.company.website">
                    <div><t t-esc="receipt.company.website" /></div>
                </t>
                <t t-if="receipt.header_html">
                    <t t-raw="receipt.header_html" />
                </t>
                <t t-if="!receipt.header_html and receipt.header">
                    <div><t t-esc="receipt.header" /></div>
                </t>
                <t t-if="receipt.company.vat">
                    <div>TRN:<t t-esc="receipt.company.vat" /></div>
                </t>
                <t t-if="receipt.cashier">
                    <div class="cashier">
                        <div>--------------------------------</div>
                        <div>Served by <t t-esc="receipt.cashier" /></div>
                    </div>
                </t>
            </div> 
        </xpath>
        <xpath expr="//div[hasclass('orderlines')]" position="replace"> 
            <div class="orderlines">      
                <table class='receipt-orderlines'>
                    <colgroup>
                        <col width='30%' />
                        <col width='15%' />
                        <col width='20%' />
                        <col width='30%' />
                    </colgroup>
                    <tr style="border-bottom: 1px dashed black;">
                        <th style='text-align:left'>Name</th>
                        <th style='text-align:left'>Qty</th>
                        <th style='text-align:right'>Unit.Price</th>
                        <th style='text-align:right'>Price(Inc VAT)</th>
                    </tr>
                    <tr t-foreach="orderlines" t-as="orderline" t-key="orderline.id">
                        <td>
                            <t t-esc="orderline.get_product().display_name"/>
                             <t t-if="orderline.get_discount() > 0">
                                <div class="pos-disc-font">
                                    With a <t t-esc="orderline.get_discount()"/>% discount
                                </div>
                            </t>
                        </td>
                        <td>
                            <t t-esc="orderline.get_quantity_str_with_unit()"/>
                        </td>
                        <td>
                            <!-- <t t-set="a" t-value="orderline.quantityStr"></t> -->
                            <t t-esc="env.pos.format_currency(orderline.get_unit_display_price())"></t>
                            <!-- <t t-set="c" t-value="b/a"></t>
                            <t t-esc="c"/> -->
                        </td>
                        <td style='text-align:right'>
                            <t t-esc="env.pos.format_currency(orderline.get_price_with_tax())"/>
                        </td>
                    </tr>
                </table>
            </div>
        </xpath>
        <xpath expr="//t[@t-if='!isTaxIncluded']" position="replace">
            <div class="pos-receipt-right-align">--------</div>
            <br/>
            <div>Subtotal<span t-esc="env.pos.format_currency(receipt.subtotal)" class="pos-receipt-right-align"/></div>
            <t t-foreach="receipt.tax_details" t-as="tax" t-key="tax.name">
                <div>                    
                    VAT:<span t-esc='env.pos.format_currency_no_symbol(tax.amount)' class="pos-receipt-right-align"/>
                </div>
            </t>
        </xpath>    
       
    </t>
</templates>